DateKey,FullDate,ScenarioID,ScenarioName,ScenarioType,ParameterName,BaselineValue,ScenarioValue,ProductID,WarehouseID,BaselineDemand,ScenarioDemand,BaselineRevenue,ScenarioRevenue,BaselineInventory,ScenarioInventory,BaselineStockoutProbability,ScenarioStockoutProbability,BaselineOrderQuantity,ScenarioOrderQuantity,BaselinePurchaseCost,ScenarioPurchaseCost,BaselineTransportationCost,ScenarioTransportationCost,BaselineHoldingCost,ScenarioHoldingCost,BaselineTotalCost,ScenarioTotalCost,BaselineProfit,ScenarioProfit,BaselineRevenueProtected,ScenarioRevenueProtected,RevenueProtected
20160128,2016-01-28,price_up,Price Increase 10 Percent,PRICE_CHANGE,price_multiplier,1.000000,1.100000,SAMPLE_ITEM_001,SYN_WH_01,44.697383,41.121592,182.0461,184.2306,60.000000,60.000000,0.000000,0.000000,0.000000,0.000000,0.0000,0.0000,0.0000,0.0000,0.0000,0.0000,0.0000,0.0000,182.0461,184.2306,0.0000,0.0000,0.0000
20160128,2016-01-28,price_up,Price Increase 10 Percent,PRICE_CHANGE,price_multiplier,1.000000,1.100000,SAMPLE_ITEM_001,SYN_WH_02,44.697383,41.121592,182.0461,184.2306,15.000000,15.000000,0.000000,0.000000,0.000000,0.000000,0.0000,0.0000,0.0000,0.0000,0.0000,0.0000,0.0000,0.0000,182.0461,184.2306,0.0000,0.0000,0.0000
20160128,2016-01-28,price_up,Price Increase 10 Percent,PRICE_CHANGE,price_multiplier,1.000000,1.100000,SAMPLE_ITEM_001,SYN_WH_03,44.697383,41.121592,182.0461,184.2306,0.000000,0.000000,0.000000,0.000000,0.000000,0.000000,0.0000,0.0000,0.0000,0.0000,0.0000,0.0000,0.0000,0.0000,182.0461,184.2306,0.0000,0.0000,0.0000
20160128,2016-01-28,price_up,Price Increase 10 Percent,PRICE_CHANGE,price_multiplier,1.000000,1.100000,SAMPLE_ITEM_001,SYN_WH_04,44.697383,41.121592,182.0461,184.2306,0.000000,0.000000,1.000000,1.000000,46.000000,46.000000,96.6414,96.6414,119.7055,119.7055,3.0514,3.0514,219.3983,219.3983,-37.3522,-35.1677,184.6580,184.6580,184.6580
20160128,2016-01-28,price_up,Price Increase 10 Percent,PRICE_CHANGE,price_multiplier,1.000000,1.100000,SAMPLE_ITEM_001,SYN_WH_05,44.697383,41.121592,182.0461,184.2306,0.000000,0.000000,0.000000,0.000000,0.000000,0.000000,0.0000,0.0000,0.0000,0.0000,0.0000,0.0000,0.0000,0.0000,182.0461,184.2306,0.0000,0.0000,0.0000
20160128,2016-01-28,price_up,Price Increase 10 Percent,PRICE_CHANGE,price_multiplier,1.000000,1.100000,SAMPLE_ITEM_002,SYN_WH_01,61.673725,56.739827,345.4610,349.6065,133.000000,133.000000,0.000000,0.000000,0.000000,0.000000,0.0000,0.0000,0.0000,0.0000,0.0000,0.0000,0.0000,0.0000,345.4610,349.6065,0.0000,0.0000,0.0000
20160128,2016-01-28,price_up,Price Increase 10 Percent,PRICE_CHANGE,price_multiplier,1.000000,1.100000,SAMPLE_ITEM_002,SYN_WH_02,61.673725,56.739827,345.4610,349.6065,51.000000,51.000000,0.000000,0.000000,0.000000,0.000000,0.0000,0.0000,0.0000,0.0000,0.0000,0.0000,0.0000,0.0000,345.4610,349.6065,0.0000,0.0000,0.0000
20160128,2016-01-28,price_up,Price Increase 10 Percent,PRICE_CHANGE,price_multiplier,1.000000,1.100000,SAMPLE_ITEM_002,SYN_WH_03,61.673725,56.739827,345.4610,349.6065,0.000000,0.000000,0.000000,0.000000,0.000000,0.000000,0.0000,0.0000,0.0000,0.0000,0.0000,0.0000,0.0000,0.0000,345.4610,349.6065,0.0000,0.0000,0.0000
20160128,2016-01-28,price_up,Price Increase 10 Percent,PRICE_CHANGE,price_multiplier,1.000000,1.100000,SAMPLE_ITEM_002,SYN_WH_04,61.673725,56.739827,345.4610,349.6065,0.000000,0.000000,1.000000,1.000000,63.000000,63.000000,162.6219,162.6219,133.0404,133.0404,3.6874,3.6874,299.3497,299.3497,46.1113,50.2568,349.8042,349.8042,349.8042
20160128,2016-01-28,price_up,Price Increase 10 Percent,PRICE_CHANGE,price_multiplier,1.000000,1.100000,SAMPLE_ITEM_002,SYN_WH_05,61.673725,56.739827,345.4610,349.6065,0.000000,0.000000,0.000000,0.000000,0.000000,0.000000,0.0000,0.0000,0.0000,0.0000,0.0000,0.0000,0.0000,0.0000,345.4610,349.6065,0.0000,0.0000,0.0000
20160128,2016-01-28,price_up,Price Increase 10 Percent,PRICE_CHANGE,price_multiplier,1.000000,1.100000,SAMPLE_ITEM_003,SYN_WH_01,57.738348,53.119280,529.8318,536.1898,143.000000,143.000000,0.000000,0.000000,0.000000,0.000000,0.0000,0.0000,0.0000,0.0000,0.0000,0.0000,0.0000,0.0000,529.8318,536.1898,0.0000,0.0000,0.0000
20160128,2016-01-28,price_up,Price Increase 10 Percent,PRICE_CHANGE,price_multiplier,1.000000,1.100000,SAMPLE_ITEM_003,SYN_WH_02,57.738348,53.119280,529.8318,536.1898,59.000000,59.000000,0.000000,0.000000,0.000000,0.000000,0.0000,0.0000,0.0000,0.0000,0.0000,0.0000,0.0000,0.0000,529.8318,536.1898,0.0000,0.0000,0.0000
20160128,2016-01-28,price_up,Price Increase 10 Percent,PRICE_CHANGE,price_multiplier,1.000000,1.100000,SAMPLE_ITEM_003,SYN_WH_03,57.738348,53.119280,529.8318,536.1898,0.000000,0.000000,0.000000,0.000000,0.000000,0.000000,0.0000,0.0000,0.0000,0.0000,0.0000,0.0000,0.0000,0.0000,529.8318,536.1898,0.0000,0.0000,0.0000
20160128,2016-01-28,price_up,Price Increase 10 Percent,PRICE_CHANGE,price_multiplier,1.000000,1.100000,SAMPLE_ITEM_003,SYN_WH_04,57.738348,53.119280,529.8318,536.1898,0.000000,0.000000,1.000000,1.000000,59.000000,59.000000,221.1025,221.1025,190.3982,190.3982,2.3022,2.3022,413.8029,413.8029,116.0289,122.3869,536.2549,536.2549,536.2549
20160128,2016-01-28,price_up,Price Increase 10 Percent,PRICE_CHANGE,price_multiplier,1.000000,1.100000,SAMPLE_ITEM_003,SYN_WH_05,57.738348,53.119280,529.8318,536.1898,0.000000,0.000000,0.000000,0.000000,0.000000,0.000000,0.0000,0.0000,0.0000,0.0000,0.0000,0.0000,0.0000,0.0000,529.8318,536.1898,0.0000,0.0000,0.0000
20160128,2016-01-28,price_up,Price Increase 10 Percent,PRICE_CHANGE,price_multiplier,1.000000,1.100000,SAMPLE_ITEM_004,SYN_WH_01,67.531391,62.128880,465.1948,470.7771,191.000000,191.000000,0.000000,0.000000,0.000000,0.000000,0.0000,0.0000,0.0000,0.0000,0.0000,0.0000,0.0000,0.0000,465.1948,470.7771,0.0000,0.0000,0.0000
20160128,2016-01-28,price_up,Price Increase 10 Percent,PRICE_CHANGE,price_multiplier,1.000000,1.100000,SAMPLE_ITEM_004,SYN_WH_02,67.531391,62.128880,465.1948,470.7771,73.000000,73.000000,0.000000,0.000000,0.000000,0.000000,0.0000,0.0000,0.0000,0.0000,0.0000,0.0000,0.0000,0.0000,465.1948,470.7771,0.0000,0.0000,0.0000
20160128,2016-01-28,price_up,Price Increase 10 Percent,PRICE_CHANGE,price_multiplier,1.000000,1.100000,SAMPLE_ITEM_004,SYN_WH_03,67.531391,62.128880,465.1948,470.7771,0.000000,0.000000,0.000000,0.000000,0.000000,0.000000,0.0000,0.0000,0.0000,0.0000,0.0000,0.0000,0.0000,0.0000,465.1948,470.7771,0.0000,0.0000,0.0000
20160128,2016-01-28,price_up,Price Increase 10 Percent,PRICE_CHANGE,price_multiplier,1.000000,1.100000,SAMPLE_ITEM_004,SYN_WH_04,67.531391,62.128880,465.1948,470.7771,0.000000,0.000000,1.000000,1.000000,69.000000,69.000000,298.0248,298.0248,179.4497,179.4497,2.6924,2.6924,480.1669,480.1669,-14.9721,-9.3898,469.4741,469.4741,469.4741
20160128,2016-01-28,price_up,Price Increase 10 Percent,PRICE_CHANGE,price_multiplier,1.000000,1.100000,SAMPLE_ITEM_004,SYN_WH_05,67.531391,62.128880,465.1948,470.7771,0.000000,0.000000,0.000000,0.000000,0.000000,0.000000,0.0000,0.0000,0.0000,0.0000,0.0000,0.0000,0.0000,0.0000,465.1948,470.7771,0.0000,0.0000,0.0000
20160128,2016-01-28,demand_up,Demand Increase 20 Percent,DEMAND_CHANGE,demand_multiplier,1.000000,1.200000,SAMPLE_ITEM_001,SYN_WH_01,44.697383,53.636860,182.0461,218.4553,60.000000,60.000000,0.000000,0.100000,0.000000,0.000000,0.0000,0.0000,0.0000,0.0000,0.0000,0.0000,0.0000,0.0000,182.0461,218.4553,0.0000,0.0000,0.0000
20160128,2016-01-28,demand_up,Demand Increase 20 Percent,DEMAND_CHANGE,demand_multiplier,1.000000,1.200000,SAMPLE_ITEM_001,SYN_WH_02,44.697383,53.636860,182.0461,218.4553,15.000000,15.000000,0.000000,0.100000,0.000000,0.000000,0.0000,0.0000,0.0000,0.0000,0.0000,0.0000,0.0000,0.0000,182.0461,218.4553,0.0000,0.0000,0.0000
20160128,2016-01-28,demand_up,Demand Increase 20 Percent,DEMAND_CHANGE,demand_multiplier,1.000000,1.200000,SAMPLE_ITEM_001,SYN_WH_03,44.697383,53.636860,182.0461,218.4553,0.000000,0.000000,0.000000,0.100000,0.000000,0.000000,0.0000,0.0000,0.0000,0.0000,0.0000,0.0000,0.0000,0.0000,182.0461,218.4553,0.0000,0.0000,0.0000
20160128,2016-01-28,demand_up,Demand Increase 20 Percent,DEMAND_CHANGE,demand_multiplier,1.000000,1.200000,SAMPLE_ITEM_001,SYN_WH_04,44.697383,53.636860,182.0461,218.4553,0.000000,0.000000,1.000000,1.000000,46.000000,55.200000,96.6414,115.9697,119.7055,119.7055,3.0514,3.6617,219.3983,239.3369,-37.3522,-20.8816,184.6580,221.5896,221.5896
20160128,2016-01-28,demand_up,Demand Increase 20 Percent,DEMAND_CHANGE,demand_multiplier,1.000000,1.200000,SAMPLE_ITEM_001,SYN_WH_05,44.697383,53.636860,182.0461,218.4553,0.000000,0.000000,0.000000,0.100000,0.000000,0.000000,0.0000,0.0000,0.0000,0.0000,0.0000,0.0000,0.0000,0.0000,182.0461,218.4553,0.0000,0.0000,0.0000
20160128,2016-01-28,demand_up,Demand Increase 20 Percent,DEMAND_CHANGE,demand_multiplier,1.000000,1.200000,SAMPLE_ITEM_002,SYN_WH_01,61.673725,74.008470,345.4610,414.5532,133.000000,133.000000,0.000000,0.100000,0.000000,0.000000,0.0000,0.0000,0.0000,0.0000,0.0000,0.0000,0.0000,0.0000,345.4610,414.5532,0.0000,0.0000,0.0000
20160128,2016-01-28,demand_up,Demand Increase 20 Percent,DEMAND_CHANGE,demand_multiplier,1.000000,1.200000,SAMPLE_ITEM_002,SYN_WH_02,61.673725,74.008470,345.4610,414.5532,51.000000,51.000000,0.000000,0.100000,0.000000,0.000000,0.0000,0.0000,0.0000,0.0000,0.0000,0.0000,0.0000,0.0000,345.4610,414.5532,0.0000,0.0000,0.0000
20160128,2016-01-28,demand_up,Demand Increase 20 Percent,DEMAND_CHANGE,demand_multiplier,1.000000,1.200000,SAMPLE_ITEM_002,SYN_WH_03,61.673725,74.008470,345.4610,414.5532,0.000000,0.000000,0.000000,0.100000,0.000000,0.000000,0.0000,0.0000,0.0000,0.0000,0.0000,0.0000,0.0000,0.0000,345.4610,414.5532,0.0000,0.0000,0.0000
20160128,2016-01-28,demand_up,Demand Increase 20 Percent,DEMAND_CHANGE,demand_multiplier,1.000000,1.200000,SAMPLE_ITEM_002,SYN_WH_04,61.673725,74.008470,345.4610,414.5532,0.000000,0.000000,1.000000,1.000000,63.000000,75.600000,162.6219,195.1463,133.0404,133.0404,3.6874,4.4249,299.3497,332.6116,46.1113,81.9416,349.8042,419.7650,419.7650
20160128,2016-01-28,demand_up,Demand Increase 20 Percent,DEMAND_CHANGE,demand_multiplier,1.000000,1.200000,SAMPLE_ITEM_002,SYN_WH_05,61.673725,74.008470,345.4610,414.5532,0.000000,0.000000,0.000000,0.100000,0.000000,0.000000,0.0000,0.0000,0.0000,0.0000,0.0000,0.0000,0.0000,0.0000,345.4610,414.5532,0.0000,0.0000,0.0000
20160128,2016-01-28,demand_up,Demand Increase 20 Percent,DEMAND_CHANGE,demand_multiplier,1.000000,1.200000,SAMPLE_ITEM_003,SYN_WH_01,57.738348,69.286018,529.8318,635.7982,143.000000,143.000000,0.000000,0.100000,0.000000,0.000000,0.0000,0.0000,0.0000,0.0000,0.0000,0.0000,0.0000,0.0000,529.8318,635.7982,0.0000,0.0000,0.0000
20160128,2016-01-28,demand_up,Demand Increase 20 Percent,DEMAND_CHANGE,demand_multiplier,1.000000,1.200000,SAMPLE_ITEM_003,SYN_WH_02,57.738348,69.286018,529.8318,635.7982,59.000000,59.000000,0.000000,0.100000,0.000000,0.000000,0.0000,0.0000,0.0000,0.0000,0.0000,0.0000,0.0000,0.0000,529.8318,635.7982,0.0000,0.0000,0.0000
20160128,2016-01-28,demand_up,Demand Increase 20 Percent,DEMAND_CHANGE,demand_multiplier,1.000000,1.200000,SAMPLE_ITEM_003,SYN_WH_03,57.738348,69.286018,529.8318,635.7982,0.000000,0.000000,0.000000,0.100000,0.000000,0.000000,0.0000,0.0000,0.0000,0.0000,0.0000,0.0000,0.0000,0.0000,529.8318,635.7982,0.0000,0.0000,0.0000
20160128,2016-01-28,demand_up,Demand Increase 20 Percent,DEMAND_CHANGE,demand_multiplier,1.000000,1.200000,SAMPLE_ITEM_003,SYN_WH_04,57.738348,69.286018,529.8318,635.7982,0.000000,0.000000,1.000000,1.000000,59.000000,70.800000,221.1025,265.3230,190.3982,190.3982,2.3022,2.7626,413.8029,458.4838,116.0289,177.3144,536.2549,643.5059,643.5059
20160128,2016-01-28,demand_up,Demand Increase 20 Percent,DEMAND_CHANGE,demand_multiplier,1.000000,1.200000,SAMPLE_ITEM_003,SYN_WH_05,57.738348,69.286018,529.8318,635.7982,0.000000,0.000000,0.000000,0.100000,0.000000,0.000000,0.0000,0.0000,0.0000,0.0000,0.0000,0.0000,0.0000,0.0000,529.8318,635.7982,0.0000,0.0000,0.0000
20160128,2016-01-28,demand_up,Demand Increase 20 Percent,DEMAND_CHANGE,demand_multiplier,1.000000,1.200000,SAMPLE_ITEM_004,SYN_WH_01,67.531391,81.037669,465.1948,558.2338,191.000000,191.000000,0.000000,0.100000,0.000000,0.000000,0.0000,0.0000,0.0000,0.0000,0.0000,0.0000,0.0000,0.0000,465.1948,558.2338,0.0000,0.0000,0.0000
20160128,2016-01-28,demand_up,Demand Increase 20 Percent,DEMAND_CHANGE,demand_multiplier,1.000000,1.200000,SAMPLE_ITEM_004,SYN_WH_02,67.531391,81.037669,465.1948,558.2338,73.000000,73.000000,0.000000,0.100000,0.000000,0.000000,0.0000,0.0000,0.0000,0.0000,0.0000,0.0000,0.0000,0.0000,465.1948,558.2338,0.0000,0.0000,0.0000
20160128,2016-01-28,demand_up,Demand Increase 20 Percent,DEMAND_CHANGE,demand_multiplier,1.000000,1.200000,SAMPLE_ITEM_004,SYN_WH_03,67.531391,81.037669,465.1948,558.2338,0.000000,0.000000,0.000000,0.100000,0.000000,0.000000,0.0000,0.0000,0.0000,0.0000,0.0000,0.0000,0.0000,0.0000,465.1948,558.2338,0.0000,0.0000,0.0000
20160128,2016-01-28,demand_up,Demand Increase 20 Percent,DEMAND_CHANGE,demand_multiplier,1.000000,1.200000,SAMPLE_ITEM_004,SYN_WH_04,67.531391,81.037669,465.1948,558.2338,0.000000,0.000000,1.000000,1.000000,69.000000,82.800000,298.0248,357.6298,179.4497,179.4497,2.6924,3.2309,480.1669,540.3103,-14.9721,17.9234,469.4741,563.3689,563.3689
20160128,2016-01-28,demand_up,Demand Increase 20 Percent,DEMAND_CHANGE,demand_multiplier,1.000000,1.200000,SAMPLE_ITEM_004,SYN_WH_05,67.531391,81.037669,465.1948,558.2338,0.000000,0.000000,0.000000,0.100000,0.000000,0.000000,0.0000,0.0000,0.0000,0.0000,0.0000,0.0000,0.0000,0.0000,465.1948,558.2338,0.0000,0.0000,0.0000
20160128,2016-01-28,supplier_delay,Supplier Delay Five Days,SUPPLIER_DELAY,additional_delay_days,0.000000,5.000000,SAMPLE_ITEM_001,SYN_WH_01,44.697383,44.697383,182.0461,182.0461,60.000000,60.000000,0.000000,0.150000,0.000000,7.449564,0.0000,0.0000,0.0000,0.0000,0.0000,0.3725,0.0000,0.3725,182.0461,181.6736,0.0000,0.0000,0.0000
20160128,2016-01-28,supplier_delay,Supplier Delay Five Days,SUPPLIER_DELAY,additional_delay_days,0.000000,5.000000,SAMPLE_ITEM_001,SYN_WH_02,44.697383,44.697383,182.0461,182.0461,15.000000,15.000000,0.000000,0.150000,0.000000,7.449564,0.0000,0.0000,0.0000,0.0000,0.0000,0.3725,0.0000,0.3725,182.0461,181.6736,0.0000,0.0000,0.0000
20160128,2016-01-28,supplier_delay,Supplier Delay Five Days,SUPPLIER_DELAY,additional_delay_days,0.000000,5.000000,SAMPLE_ITEM_001,SYN_WH_03,44.697383,44.697383,182.0461,182.0461,0.000000,0.000000,0.000000,0.150000,0.000000,7.449564,0.0000,0.0000,0.0000,0.0000,0.0000,0.3725,0.0000,0.3725,182.0461,181.6736,0.0000,0.0000,0.0000
20160128,2016-01-28,supplier_delay,Supplier Delay Five Days,SUPPLIER_DELAY,additional_delay_days,0.000000,5.000000,SAMPLE_ITEM_001,SYN_WH_04,44.697383,44.697383,182.0461,182.0461,0.000000,0.000000,1.000000,1.000000,46.000000,53.449564,96.6414,96.6414,119.7055,119.7055,3.0514,5.7239,219.3983,222.0708,-37.3522,-40.0247,184.6580,214.5628,214.5628
20160128,2016-01-28,supplier_delay,Supplier Delay Five Days,SUPPLIER_DELAY,additional_delay_days,0.000000,5.000000,SAMPLE_ITEM_001,SYN_WH_05,44.697383,44.697383,182.0461,182.0461,0.000000,0.000000,0.000000,0.150000,0.000000,7.449564,0.0000,0.0000,0.0000,0.0000,0.0000,0.3725,0.0000,0.3725,182.0461,181.6736,0.0000,0.0000,0.0000
20160128,2016-01-28,supplier_delay,Supplier Delay Five Days,SUPPLIER_DELAY,additional_delay_days,0.000000,5.000000,SAMPLE_ITEM_002,SYN_WH_01,61.673725,61.673725,345.4610,345.4610,133.000000,133.000000,0.000000,0.150000,0.000000,10.278954,0.0000,0.0000,0.0000,0.0000,0.0000,0.5139,0.0000,0.5139,345.4610,344.9470,0.0000,0.0000,0.0000
20160128,2016-01-28,supplier_delay,Supplier Delay Five Days,SUPPLIER_DELAY,additional_delay_days,0.000000,5.000000,SAMPLE_ITEM_002,SYN_WH_02,61.673725,61.673725,345.4610,345.4610,51.000000,51.000000,0.000000,0.150000,0.000000,10.278954,0.0000,0.0000,0.0000,0.0000,0.0000,0.5139,0.0000,0.5139,345.4610,344.9470,0.0000,0.0000,0.0000
20160128,2016-01-28,supplier_delay,Supplier Delay Five Days,SUPPLIER_DELAY,additional_delay_days,0.000000,5.000000,SAMPLE_ITEM_002,SYN_WH_03,61.673725,61.673725,345.4610,345.4610,0.000000,0.000000,0.000000,0.150000,0.000000,10.278954,0.0000,0.0000,0.0000,0.0000,0.0000,0.5139,0.0000,0.5139,345.4610,344.9470,0.0000,0.0000,0.0000
20160128,2016-01-28,supplier_delay,Supplier Delay Five Days,SUPPLIER_DELAY,additional_delay_days,0.000000,5.000000,SAMPLE_ITEM_002,SYN_WH_04,61.673725,61.673725,345.4610,345.4610,0.000000,0.000000,1.000000,1.000000,63.000000,73.278954,162.6219,162.6219,133.0404,133.0404,3.6874,7.3513,299.3497,303.0136,46.1113,42.4473,349.8042,406.8776,406.8776
20160128,2016-01-28,supplier_delay,Supplier Delay Five Days,SUPPLIER_DELAY,additional_delay_days,0.000000,5.000000,SAMPLE_ITEM_002,SYN_WH_05,61.673725,61.673725,345.4610,345.4610,0.000000,0.000000,0.000000,0.150000,0.000000,10.278954,0.0000,0.0000,0.0000,0.0000,0.0000,0.5139,0.0000,0.5139,345.4610,344.9470,0.0000,0.0000,0.0000
20160128,2016-01-28,supplier_delay,Supplier Delay Five Days,SUPPLIER_DELAY,additional_delay_days,0.000000,5.000000,SAMPLE_ITEM_003,SYN_WH_01,57.738348,57.738348,529.8318,529.8318,143.000000,143.000000,0.000000,0.150000,0.000000,9.623058,0.0000,0.0000,0.0000,0.0000,0.0000,0.4812,0.0000,0.4812,529.8318,529.3507,0.0000,0.0000,0.0000
20160128,2016-01-28,supplier_delay,Supplier Delay Five Days,SUPPLIER_DELAY,additional_delay_days,0.000000,5.000000,SAMPLE_ITEM_003,SYN_WH_02,57.738348,57.738348,529.8318,529.8318,59.000000,59.000000,0.000000,0.150000,0.000000,9.623058,0.0000,0.0000,0.0000,0.0000,0.0000,0.4812,0.0000,0.4812,529.8318,529.3507,0.0000,0.0000,0.0000
20160128,2016-01-28,supplier_delay,Supplier Delay Five Days,SUPPLIER_DELAY,additional_delay_days,0.000000,5.000000,SAMPLE_ITEM_003,SYN_WH_03,57.738348,57.738348,529.8318,529.8318,0.000000,0.000000,0.000000,0.150000,0.000000,9.623058,0.0000,0.0000,0.0000,0.0000,0.0000,0.4812,0.0000,0.4812,529.8318,529.3507,0.0000,0.0000,0.0000
20160128,2016-01-28,supplier_delay,Supplier Delay Five Days,SUPPLIER_DELAY,additional_delay_days,0.000000,5.000000,SAMPLE_ITEM_003,SYN_WH_04,57.738348,57.738348,529.8318,529.8318,0.000000,0.000000,1.000000,1.000000,59.000000,68.623058,221.1025,221.1025,190.3982,190.3982,2.3022,5.7334,413.8029,417.2341,116.0289,112.5978,536.2549,623.7195,623.7195
20160128,2016-01-28,supplier_delay,Supplier Delay Five Days,SUPPLIER_DELAY,additional_delay_days,0.000000,5.000000,SAMPLE_ITEM_003,SYN_WH_05,57.738348,57.738348,529.8318,529.8318,0.000000,0.000000,0.000000,0.150000,0.000000,9.623058,0.0000,0.0000,0.0000,0.0000,0.0000,0.4812,0.0000,0.4812,529.8318,529.3507,0.0000,0.0000,0.0000
20160128,2016-01-28,supplier_delay,Supplier Delay Five Days,SUPPLIER_DELAY,additional_delay_days,0.000000,5.000000,SAMPLE_ITEM_004,SYN_WH_01,67.531391,67.531391,465.1948,465.1948,191.000000,191.000000,0.000000,0.150000,0.000000,11.255232,0.0000,0.0000,0.0000,0.0000,0.0000,0.5628,0.0000,0.5628,465.1948,464.6320,0.0000,0.0000,0.0000
20160128,2016-01-28,supplier_delay,Supplier Delay Five Days,SUPPLIER_DELAY,additional_delay_days,0.000000,5.000000,SAMPLE_ITEM_004,SYN_WH_02,67.531391,67.531391,465.1948,465.1948,73.000000,73.000000,0.000000,0.150000,0.000000,11.255232,0.0000,0.0000,0.0000,0.0000,0.0000,0.5628,0.0000,0.5628,465.1948,464.6320,0.0000,0.0000,0.0000
20160128,2016-01-28,supplier_delay,Supplier Delay Five Days,SUPPLIER_DELAY,additional_delay_days,0.000000,5.000000,SAMPLE_ITEM_004,SYN_WH_03,67.531391,67.531391,465.1948,465.1948,0.000000,0.000000,0.000000,0.150000,0.000000,11.255232,0.0000,0.0000,0.0000,0.0000,0.0000,0.5628,0.0000,0.5628,465.1948,464.6320,0.0000,0.0000,0.0000
20160128,2016-01-28,supplier_delay,Supplier Delay Five Days,SUPPLIER_DELAY,additional_delay_days,0.000000,5.000000,SAMPLE_ITEM_004,SYN_WH_04,67.531391,67.531391,465.1948,465.1948,0.000000,0.000000,1.000000,1.000000,69.000000,80.255232,298.0248,298.0248,179.4497,179.4497,2.6924,6.7052,480.1669,484.1797,-14.9721,-18.9849,469.4741,546.0544,546.0544
20160128,2016-01-28,supplier_delay,Supplier Delay Five Days,SUPPLIER_DELAY,additional_delay_days,0.000000,5.000000,SAMPLE_ITEM_004,SYN_WH_05,67.531391,67.531391,465.1948,465.1948,0.000000,0.000000,0.000000,0.150000,0.000000,11.255232,0.0000,0.0000,0.0000,0.0000,0.0000,0.5628,0.0000,0.5628,465.1948,464.6320,0.0000,0.0000,0.0000
20160128,2016-01-28,supplier_capacity,Supplier Capacity Reduction 30 Percent,SUPPLIER_CAPACITY,capacity_multiplier,1.000000,0.700000,SAMPLE_ITEM_001,SYN_WH_01,44.697383,44.697383,182.0461,182.0461,60.000000,60.000000,0.000000,0.180000,0.000000,0.000000,0.0000,0.0000,0.0000,0.0000,0.0000,0.0000,0.0000,0.0000,182.0461,182.0461,0.0000,0.0000,0.0000
20160128,2016-01-28,supplier_capacity,Supplier Capacity Reduction 30 Percent,SUPPLIER_CAPACITY,capacity_multiplier,1.000000,0.700000,SAMPLE_ITEM_001,SYN_WH_02,44.697383,44.697383,182.0461,182.0461,15.000000,15.000000,0.000000,0.180000,0.000000,0.000000,0.0000,0.0000,0.0000,0.0000,0.0000,0.0000,0.0000,0.0000,182.0461,182.0461,0.0000,0.0000,0.0000
20160128,2016-01-28,supplier_capacity,Supplier Capacity Reduction 30 Percent,SUPPLIER_CAPACITY,capacity_multiplier,1.000000,0.700000,SAMPLE_ITEM_001,SYN_WH_03,44.697383,44.697383,182.0461,182.0461,0.000000,0.000000,0.000000,0.180000,0.000000,0.000000,0.0000,0.0000,0.0000,0.0000,0.0000,0.0000,0.0000,0.0000,182.0461,182.0461,0.0000,0.0000,0.0000
20160128,2016-01-28,supplier_capacity,Supplier Capacity Reduction 30 Percent,SUPPLIER_CAPACITY,capacity_multiplier,1.000000,0.700000,SAMPLE_ITEM_001,SYN_WH_04,44.697383,44.697383,182.0461,182.0461,0.000000,0.000000,1.000000,1.000000,46.000000,32.200000,96.6414,67.6490,119.7055,83.7938,3.0514,2.1360,219.3983,153.5788,-37.3522,28.4672,184.6580,129.2606,129.2606
20160128,2016-01-28,supplier_capacity,Supplier Capacity Reduction 30 Percent,SUPPLIER_CAPACITY,capacity_multiplier,1.000000,0.700000,SAMPLE_ITEM_001,SYN_WH_05,44.697383,44.697383,182.0461,182.0461,0.000000,0.000000,0.000000,0.180000,0.000000,0.000000,0.0000,0.0000,0.0000,0.0000,0.0000,0.0000,0.0000,0.0000,182.0461,182.0461,0.0000,0.0000,0.0000
20160128,2016-01-28,supplier_capacity,Supplier Capacity Reduction 30 Percent,SUPPLIER_CAPACITY,capacity_multiplier,1.000000,0.700000,SAMPLE_ITEM_002,SYN_WH_01,61.673725,61.673725,345.4610,345.4610,133.000000,133.000000,0.000000,0.180000,0.000000,0.000000,0.0000,0.0000,0.0000,0.0000,0.0000,0.0000,0.0000,0.0000,345.4610,345.4610,0.0000,0.0000,0.0000
20160128,2016-01-28,supplier_capacity,Supplier Capacity Reduction 30 Percent,SUPPLIER_CAPACITY,capacity_multiplier,1.000000,0.700000,SAMPLE_ITEM_002,SYN_WH_02,61.673725,61.673725,345.4610,345.4610,51.000000,51.000000,0.000000,0.180000,0.000000,0.000000,0.0000,0.0000,0.0000,0.0000,0.0000,0.0000,0.0000,0.0000,345.4610,345.4610,0.0000,0.0000,0.0000
20160128,2016-01-28,supplier_capacity,Supplier Capacity Reduction 30 Percent,SUPPLIER_CAPACITY,capacity_multiplier,1.000000,0.700000,SAMPLE_ITEM_002,SYN_WH_03,61.673725,61.673725,345.4610,345.4610,0.000000,0.000000,0.000000,0.180000,0.000000,0.000000,0.0000,0.0000,0.0000,0.0000,0.0000,0.0000,0.0000,0.0000,345.4610,345.4610,0.0000,0.0000,0.0000
20160128,2016-01-28,supplier_capacity,Supplier Capacity Reduction 30 Percent,SUPPLIER_CAPACITY,capacity_multiplier,1.000000,0.700000,SAMPLE_ITEM_002,SYN_WH_04,61.673725,61.673725,345.4610,345.4610,0.000000,0.000000,1.000000,1.000000,63.000000,44.100000,162.6219,113.8353,133.0404,93.1283,3.6874,2.5812,299.3497,209.5448,46.1113,135.9162,349.8042,244.8629,244.8629
20160128,2016-01-28,supplier_capacity,Supplier Capacity Reduction 30 Percent,SUPPLIER_CAPACITY,capacity_multiplier,1.000000,0.700000,SAMPLE_ITEM_002,SYN_WH_05,61.673725,61.673725,345.4610,345.4610,0.000000,0.000000,0.000000,0.180000,0.000000,0.000000,0.0000,0.0000,0.0000,0.0000,0.0000,0.0000,0.0000,0.0000,345.4610,345.4610,0.0000,0.0000,0.0000
20160128,2016-01-28,supplier_capacity,Supplier Capacity Reduction 30 Percent,SUPPLIER_CAPACITY,capacity_multiplier,1.000000,0.700000,SAMPLE_ITEM_003,SYN_WH_01,57.738348,57.738348,529.8318,529.8318,143.000000,143.000000,0.000000,0.180000,0.000000,0.000000,0.0000,0.0000,0.0000,0.0000,0.0000,0.0000,0.0000,0.0000,529.8318,529.8318,0.0000,0.0000,0.0000
20160128,2016-01-28,supplier_capacity,Supplier Capacity Reduction 30 Percent,SUPPLIER_CAPACITY,capacity_multiplier,1.000000,0.700000,SAMPLE_ITEM_003,SYN_WH_02,57.738348,57.738348,529.8318,529.8318,59.000000,59.000000,0.000000,0.180000,0.000000,0.000000,0.0000,0.0000,0.0000,0.0000,0.0000,0.0000,0.0000,0.0000,529.8318,529.8318,0.0000,0.0000,0.0000
20160128,2016-01-28,supplier_capacity,Supplier Capacity Reduction 30 Percent,SUPPLIER_CAPACITY,capacity_multiplier,1.000000,0.700000,SAMPLE_ITEM_003,SYN_WH_03,57.738348,57.738348,529.8318,529.8318,0.000000,0.000000,0.000000,0.180000,0.000000,0.000000,0.0000,0.0000,0.0000,0.0000,0.0000,0.0000,0.0000,0.0000,529.8318,529.8318,0.0000,0.0000,0.0000
20160128,2016-01-28,supplier_capacity,Supplier Capacity Reduction 30 Percent,SUPPLIER_CAPACITY,capacity_multiplier,1.000000,0.700000,SAMPLE_ITEM_003,SYN_WH_04,57.738348,57.738348,529.8318,529.8318,0.000000,0.000000,1.000000,1.000000,59.000000,41.300000,221.1025,154.7717,190.3982,133.2787,2.3022,1.6115,413.8029,289.6620,116.0289,240.1698,536.2549,375.3784,375.3784
20160128,2016-01-28,supplier_capacity,Supplier Capacity Reduction 30 Percent,SUPPLIER_CAPACITY,capacity_multiplier,1.000000,0.700000,SAMPLE_ITEM_003,SYN_WH_05,57.738348,57.738348,529.8318,529.8318,0.000000,0.000000,0.000000,0.180000,0.000000,0.000000,0.0000,0.0000,0.0000,0.0000,0.0000,0.0000,0.0000,0.0000,529.8318,529.8318,0.0000,0.0000,0.0000
20160128,2016-01-28,supplier_capacity,Supplier Capacity Reduction 30 Percent,SUPPLIER_CAPACITY,capacity_multiplier,1.000000,0.700000,SAMPLE_ITEM_004,SYN_WH_01,67.531391,67.531391,465.1948,465.1948,191.000000,191.000000,0.000000,0.180000,0.000000,0.000000,0.0000,0.0000,0.0000,0.0000,0.0000,0.0000,0.0000,0.0000,465.1948,465.1948,0.0000,0.0000,0.0000
20160128,2016-01-28,supplier_capacity,Supplier Capacity Reduction 30 Percent,SUPPLIER_CAPACITY,capacity_multiplier,1.000000,0.700000,SAMPLE_ITEM_004,SYN_WH_02,67.531391,67.531391,465.1948,465.1948,73.000000,73.000000,0.000000,0.180000,0.000000,0.000000,0.0000,0.0000,0.0000,0.0000,0.0000,0.0000,0.0000,0.0000,465.1948,465.1948,0.0000,0.0000,0.0000
20160128,2016-01-28,supplier_capacity,Supplier Capacity Reduction 30 Percent,SUPPLIER_CAPACITY,capacity_multiplier,1.000000,0.700000,SAMPLE_ITEM_004,SYN_WH_03,67.531391,67.531391,465.1948,465.1948,0.000000,0.000000,0.000000,0.180000,0.000000,0.000000,0.0000,0.0000,0.0000,0.0000,0.0000,0.0000,0.0000,0.0000,465.1948,465.1948,0.0000,0.0000,0.0000
20160128,2016-01-28,supplier_capacity,Supplier Capacity Reduction 30 Percent,SUPPLIER_CAPACITY,capacity_multiplier,1.000000,0.700000,SAMPLE_ITEM_004,SYN_WH_04,67.531391,67.531391,465.1948,465.1948,0.000000,0.000000,1.000000,1.000000,69.000000,48.300000,298.0248,208.6174,179.4497,125.6148,2.6924,1.8847,480.1669,336.1168,-14.9721,129.0780,469.4741,328.6319,328.6319
20160128,2016-01-28,supplier_capacity,Supplier Capacity Reduction 30 Percent,SUPPLIER_CAPACITY,capacity_multiplier,1.000000,0.700000,SAMPLE_ITEM_004,SYN_WH_05,67.531391,67.531391,465.1948,465.1948,0.000000,0.000000,0.000000,0.180000,0.000000,0.000000,0.0000,0.0000,0.0000,0.0000,0.0000,0.0000,0.0000,0.0000,465.1948,465.1948,0.0000,0.0000,0.0000
20160128,2016-01-28,warehouse_capacity,Warehouse Capacity Reduction 20 Percent,WAREHOUSE_CAPACITY,capacity_multiplier,1.000000,0.800000,SAMPLE_ITEM_001,SYN_WH_01,44.697383,44.697383,182.0461,182.0461,60.000000,60.000000,0.000000,0.120000,0.000000,0.000000,0.0000,0.0000,0.0000,0.0000,0.0000,0.0000,0.0000,0.0000,182.0461,182.0461,0.0000,0.0000,0.0000
20160128,2016-01-28,warehouse_capacity,Warehouse Capacity Reduction 20 Percent,WAREHOUSE_CAPACITY,capacity_multiplier,1.000000,0.800000,SAMPLE_ITEM_001,SYN_WH_02,44.697383,44.697383,182.0461,182.0461,15.000000,15.000000,0.000000,0.120000,0.000000,0.000000,0.0000,0.0000,0.0000,0.0000,0.0000,0.0000,0.0000,0.0000,182.0461,182.0461,0.0000,0.0000,0.0000
20160128,2016-01-28,warehouse_capacity,Warehouse Capacity Reduction 20 Percent,WAREHOUSE_CAPACITY,capacity_multiplier,1.000000,0.800000,SAMPLE_ITEM_001,SYN_WH_03,44.697383,44.697383,182.0461,182.0461,0.000000,0.000000,0.000000,0.120000,0.000000,0.000000,0.0000,0.0000,0.0000,0.0000,0.0000,0.0000,0.0000,0.0000,182.0461,182.0461,0.0000,0.0000,0.0000
20160128,2016-01-28,warehouse_capacity,Warehouse Capacity Reduction 20 Percent,WAREHOUSE_CAPACITY,capacity_multiplier,1.000000,0.800000,SAMPLE_ITEM_001,SYN_WH_04,44.697383,44.697383,182.0461,182.0461,0.000000,0.000000,1.000000,1.000000,46.000000,36.800000,96.6414,77.3131,119.7055,95.7644,3.0514,2.4411,219.3983,175.5186,-37.3522,6.5274,184.6580,147.7264,147.7264
20160128,2016-01-28,warehouse_capacity,Warehouse Capacity Reduction 20 Percent,WAREHOUSE_CAPACITY,capacity_multiplier,1.000000,0.800000,SAMPLE_ITEM_001,SYN_WH_05,44.697383,44.697383,182.0461,182.0461,0.000000,0.000000,0.000000,0.120000,0.000000,0.000000,0.0000,0.0000,0.0000,0.0000,0.0000,0.0000,0.0000,0.0000,182.0461,182.0461,0.0000,0.0000,0.0000
20160128,2016-01-28,warehouse_capacity,Warehouse Capacity Reduction 20 Percent,WAREHOUSE_CAPACITY,capacity_multiplier,1.000000,0.800000,SAMPLE_ITEM_002,SYN_WH_01,61.673725,61.673725,345.4610,345.4610,133.000000,133.000000,0.000000,0.120000,0.000000,0.000000,0.0000,0.0000,0.0000,0.0000,0.0000,0.0000,0.0000,0.0000,345.4610,345.4610,0.0000,0.0000,0.0000
20160128,2016-01-28,warehouse_capacity,Warehouse Capacity Reduction 20 Percent,WAREHOUSE_CAPACITY,capacity_multiplier,1.000000,0.800000,SAMPLE_ITEM_002,SYN_WH_02,61.673725,61.673725,345.4610,345.4610,51.000000,51.000000,0.000000,0.120000,0.000000,0.000000,0.0000,0.0000,0.0000,0.0000,0.0000,0.0000,0.0000,0.0000,345.4610,345.4610,0.0000,0.0000,0.0000
20160128,2016-01-28,warehouse_capacity,Warehouse Capacity Reduction 20 Percent,WAREHOUSE_CAPACITY,capacity_multiplier,1.000000,0.800000,SAMPLE_ITEM_002,SYN_WH_03,61.673725,61.673725,345.4610,345.4610,0.000000,0.000000,0.000000,0.120000,0.000000,0.000000,0.0000,0.0000,0.0000,0.0000,0.0000,0.0000,0.0000,0.0000,345.4610,345.4610,0.0000,0.0000,0.0000
20160128,2016-01-28,warehouse_capacity,Warehouse Capacity Reduction 20 Percent,WAREHOUSE_CAPACITY,capacity_multiplier,1.000000,0.800000,SAMPLE_ITEM_002,SYN_WH_04,61.673725,61.673725,345.4610,345.4610,0.000000,0.000000,1.000000,1.000000,63.000000,50.400000,162.6219,130.0975,133.0404,106.4323,3.6874,2.9499,299.3497,239.4798,46.1113,105.9812,349.8042,279.8434,279.8434
20160128,2016-01-28,warehouse_capacity,Warehouse Capacity Reduction 20 Percent,WAREHOUSE_CAPACITY,capacity_multiplier,1.000000,0.800000,SAMPLE_ITEM_002,SYN_WH_05,61.673725,61.673725,345.4610,345.4610,0.000000,0.000000,0.000000,0.120000,0.000000,0.000000,0.0000,0.0000,0.0000,0.0000,0.0000,0.0000,0.0000,0.0000,345.4610,345.4610,0.0000,0.0000,0.0000
20160128,2016-01-28,warehouse_capacity,Warehouse Capacity Reduction 20 Percent,WAREHOUSE_CAPACITY,capacity_multiplier,1.000000,0.800000,SAMPLE_ITEM_003,SYN_WH_01,57.738348,57.738348,529.8318,529.8318,143.000000,143.000000,0.000000,0.120000,0.000000,0.000000,0.0000,0.0000,0.0000,0.0000,0.0000,0.0000,0.0000,0.0000,529.8318,529.8318,0.0000,0.0000,0.0000
20160128,2016-01-28,warehouse_capacity,Warehouse Capacity Reduction 20 Percent,WAREHOUSE_CAPACITY,capacity_multiplier,1.000000,0.800000,SAMPLE_ITEM_003,SYN_WH_02,57.738348,57.738348,529.8318,529.8318,59.000000,59.000000,0.000000,0.120000,0.000000,0.000000,0.0000,0.0000,0.0000,0.0000,0.0000,0.0000,0.0000,0.0000,529.8318,529.8318,0.0000,0.0000,0.0000
20160128,2016-01-28,warehouse_capacity,Warehouse Capacity Reduction 20 Percent,WAREHOUSE_CAPACITY,capacity_multiplier,1.000000,0.800000,SAMPLE_ITEM_003,SYN_WH_03,57.738348,57.738348,529.8318,529.8318,0.000000,0.000000,0.000000,0.120000,0.000000,0.000000,0.0000,0.0000,0.0000,0.0000,0.0000,0.0000,0.0000,0.0000,529.8318,529.8318,0.0000,0.0000,0.0000
20160128,2016-01-28,warehouse_capacity,Warehouse Capacity Reduction 20 Percent,WAREHOUSE_CAPACITY,capacity_multiplier,1.000000,0.800000,SAMPLE_ITEM_003,SYN_WH_04,57.738348,57.738348,529.8318,529.8318,0.000000,0.000000,1.000000,1.000000,59.000000,47.200000,221.1025,176.8820,190.3982,152.3186,2.3022,1.8418,413.8029,331.0423,116.0289,198.7895,536.2549,429.0039,429.0039
20160128,2016-01-28,warehouse_capacity,Warehouse Capacity Reduction 20 Percent,WAREHOUSE_CAPACITY,capacity_multiplier,1.000000,0.800000,SAMPLE_ITEM_003,SYN_WH_05,57.738348,57.738348,529.8318,529.8318,0.000000,0.000000,0.000000,0.120000,0.000000,0.000000,0.0000,0.0000,0.0000,0.0000,0.0000,0.0000,0.0000,0.0000,529.8318,529.8318,0.0000,0.0000,0.0000
20160128,2016-01-28,warehouse_capacity,Warehouse Capacity Reduction 20 Percent,WAREHOUSE_CAPACITY,capacity_multiplier,1.000000,0.800000,SAMPLE_ITEM_004,SYN_WH_01,67.531391,67.531391,465.1948,465.1948,191.000000,191.000000,0.000000,0.120000,0.000000,0.000000,0.0000,0.0000,0.0000,0.0000,0.0000,0.0000,0.0000,0.0000,465.1948,465.1948,0.0000,0.0000,0.0000
20160128,2016-01-28,warehouse_capacity,Warehouse Capacity Reduction 20 Percent,WAREHOUSE_CAPACITY,capacity_multiplier,1.000000,0.800000,SAMPLE_ITEM_004,SYN_WH_02,67.531391,67.531391,465.1948,465.1948,73.000000,73.000000,0.000000,0.120000,0.000000,0.000000,0.0000,0.0000,0.0000,0.0000,0.0000,0.0000,0.0000,0.0000,465.1948,465.1948,0.0000,0.0000,0.0000
20160128,2016-01-28,warehouse_capacity,Warehouse Capacity Reduction 20 Percent,WAREHOUSE_CAPACITY,capacity_multiplier,1.000000,0.800000,SAMPLE_ITEM_004,SYN_WH_03,67.531391,67.531391,465.1948,465.1948,0.000000,0.000000,0.000000,0.120000,0.000000,0.000000,0.0000,0.0000,0.0000,0.0000,0.0000,0.0000,0.0000,0.0000,465.1948,465.1948,0.0000,0.0000,0.0000
20160128,2016-01-28,warehouse_capacity,Warehouse Capacity Reduction 20 Percent,WAREHOUSE_CAPACITY,capacity_multiplier,1.000000,0.800000,SAMPLE_ITEM_004,SYN_WH_04,67.531391,67.531391,465.1948,465.1948,0.000000,0.000000,1.000000,1.000000,69.000000,55.200000,298.0248,238.4198,179.4497,143.5598,2.6924,2.1539,480.1669,384.1335,-14.9721,81.0613,469.4741,375.5793,375.5793
20160128,2016-01-28,warehouse_capacity,Warehouse Capacity Reduction 20 Percent,WAREHOUSE_CAPACITY,capacity_multiplier,1.000000,0.800000,SAMPLE_ITEM_004,SYN_WH_05,67.531391,67.531391,465.1948,465.1948,0.000000,0.000000,0.000000,0.120000,0.000000,0.000000,0.0000,0.0000,0.0000,0.0000,0.0000,0.0000,0.0000,0.0000,465.1948,465.1948,0.0000,0.0000,0.0000
20160128,2016-01-28,budget_reduction,Purchasing Budget Reduction 20 Percent,BUDGET_CHANGE,budget_multiplier,1.000000,0.800000,SAMPLE_ITEM_001,SYN_WH_01,44.697383,44.697383,182.0461,182.0461,60.000000,60.000000,0.000000,0.100000,0.000000,0.000000,0.0000,0.0000,0.0000,0.0000,0.0000,0.0000,0.0000,0.0000,182.0461,182.0461,0.0000,0.0000,0.0000
20160128,2016-01-28,budget_reduction,Purchasing Budget Reduction 20 Percent,BUDGET_CHANGE,budget_multiplier,1.000000,0.800000,SAMPLE_ITEM_001,SYN_WH_02,44.697383,44.697383,182.0461,182.0461,15.000000,15.000000,0.000000,0.100000,0.000000,0.000000,0.0000,0.0000,0.0000,0.0000,0.0000,0.0000,0.0000,0.0000,182.0461,182.0461,0.0000,0.0000,0.0000
20160128,2016-01-28,budget_reduction,Purchasing Budget Reduction 20 Percent,BUDGET_CHANGE,budget_multiplier,1.000000,0.800000,SAMPLE_ITEM_001,SYN_WH_03,44.697383,44.697383,182.0461,182.0461,0.000000,0.000000,0.000000,0.100000,0.000000,0.000000,0.0000,0.0000,0.0000,0.0000,0.0000,0.0000,0.0000,0.0000,182.0461,182.0461,0.0000,0.0000,0.0000
20160128,2016-01-28,budget_reduction,Purchasing Budget Reduction 20 Percent,BUDGET_CHANGE,budget_multiplier,1.000000,0.800000,SAMPLE_ITEM_001,SYN_WH_04,44.697383,44.697383,182.0461,182.0461,0.000000,0.000000,1.000000,1.000000,46.000000,36.800000,96.6414,77.3131,119.7055,95.7644,3.0514,2.4411,219.3983,175.5186,-37.3522,6.5274,184.6580,147.7264,147.7264
20160128,2016-01-28,budget_reduction,Purchasing Budget Reduction 20 Percent,BUDGET_CHANGE,budget_multiplier,1.000000,0.800000,SAMPLE_ITEM_001,SYN_WH_05,44.697383,44.697383,182.0461,182.0461,0.000000,0.000000,0.000000,0.100000,0.000000,0.000000,0.0000,0.0000,0.0000,0.0000,0.0000,0.0000,0.0000,0.0000,182.0461,182.0461,0.0000,0.0000,0.0000
20160128,2016-01-28,budget_reduction,Purchasing Budget Reduction 20 Percent,BUDGET_CHANGE,budget_multiplier,1.000000,0.800000,SAMPLE_ITEM_002,SYN_WH_01,61.673725,61.673725,345.4610,345.4610,133.000000,133.000000,0.000000,0.100000,0.000000,0.000000,0.0000,0.0000,0.0000,0.0000,0.0000,0.0000,0.0000,0.0000,345.4610,345.4610,0.0000,0.0000,0.0000
20160128,2016-01-28,budget_reduction,Purchasing Budget Reduction 20 Percent,BUDGET_CHANGE,budget_multiplier,1.000000,0.800000,SAMPLE_ITEM_002,SYN_WH_02,61.673725,61.673725,345.4610,345.4610,51.000000,51.000000,0.000000,0.100000,0.000000,0.000000,0.0000,0.0000,0.0000,0.0000,0.0000,0.0000,0.0000,0.0000,345.4610,345.4610,0.0000,0.0000,0.0000
20160128,2016-01-28,budget_reduction,Purchasing Budget Reduction 20 Percent,BUDGET_CHANGE,budget_multiplier,1.000000,0.800000,SAMPLE_ITEM_002,SYN_WH_03,61.673725,61.673725,345.4610,345.4610,0.000000,0.000000,0.000000,0.100000,0.000000,0.000000,0.0000,0.0000,0.0000,0.0000,0.0000,0.0000,0.0000,0.0000,345.4610,345.4610,0.0000,0.0000,0.0000
20160128,2016-01-28,budget_reduction,Purchasing Budget Reduction 20 Percent,BUDGET_CHANGE,budget_multiplier,1.000000,0.800000,SAMPLE_ITEM_002,SYN_WH_04,61.673725,61.673725,345.4610,345.4610,0.000000,0.000000,1.000000,1.000000,63.000000,50.400000,162.6219,130.0975,133.0404,106.4323,3.6874,2.9499,299.3497,239.4798,46.1113,105.9812,349.8042,279.8434,279.8434
20160128,2016-01-28,budget_reduction,Purchasing Budget Reduction 20 Percent,BUDGET_CHANGE,budget_multiplier,1.000000,0.800000,SAMPLE_ITEM_002,SYN_WH_05,61.673725,61.673725,345.4610,345.4610,0.000000,0.000000,0.000000,0.100000,0.000000,0.000000,0.0000,0.0000,0.0000,0.0000,0.0000,0.0000,0.0000,0.0000,345.4610,345.4610,0.0000,0.0000,0.0000
20160128,2016-01-28,budget_reduction,Purchasing Budget Reduction 20 Percent,BUDGET_CHANGE,budget_multiplier,1.000000,0.800000,SAMPLE_ITEM_003,SYN_WH_01,57.738348,57.738348,529.8318,529.8318,143.000000,143.000000,0.000000,0.100000,0.000000,0.000000,0.0000,0.0000,0.0000,0.0000,0.0000,0.0000,0.0000,0.0000,529.8318,529.8318,0.0000,0.0000,0.0000
20160128,2016-01-28,budget_reduction,Purchasing Budget Reduction 20 Percent,BUDGET_CHANGE,budget_multiplier,1.000000,0.800000,SAMPLE_ITEM_003,SYN_WH_02,57.738348,57.738348,529.8318,529.8318,59.000000,59.000000,0.000000,0.100000,0.000000,0.000000,0.0000,0.0000,0.0000,0.0000,0.0000,0.0000,0.0000,0.0000,529.8318,529.8318,0.0000,0.0000,0.0000
20160128,2016-01-28,budget_reduction,Purchasing Budget Reduction 20 Percent,BUDGET_CHANGE,budget_multiplier,1.000000,0.800000,SAMPLE_ITEM_003,SYN_WH_03,57.738348,57.738348,529.8318,529.8318,0.000000,0.000000,0.000000,0.100000,0.000000,0.000000,0.0000,0.0000,0.0000,0.0000,0.0000,0.0000,0.0000,0.0000,529.8318,529.8318,0.0000,0.0000,0.0000
20160128,2016-01-28,budget_reduction,Purchasing Budget Reduction 20 Percent,BUDGET_CHANGE,budget_multiplier,1.000000,0.800000,SAMPLE_ITEM_003,SYN_WH_04,57.738348,57.738348,529.8318,529.8318,0.000000,0.000000,1.000000,1.000000,59.000000,47.200000,221.1025,176.8820,190.3982,152.3186,2.3022,1.8418,413.8029,331.0423,116.0289,198.7895,536.2549,429.0039,429.0039
20160128,2016-01-28,budget_reduction,Purchasing Budget Reduction 20 Percent,BUDGET_CHANGE,budget_multiplier,1.000000,0.800000,SAMPLE_ITEM_003,SYN_WH_05,57.738348,57.738348,529.8318,529.8318,0.000000,0.000000,0.000000,0.100000,0.000000,0.000000,0.0000,0.0000,0.0000,0.0000,0.0000,0.0000,0.0000,0.0000,529.8318,529.8318,0.0000,0.0000,0.0000
20160128,2016-01-28,budget_reduction,Purchasing Budget Reduction 20 Percent,BUDGET_CHANGE,budget_multiplier,1.000000,0.800000,SAMPLE_ITEM_004,SYN_WH_01,67.531391,67.531391,465.1948,465.1948,191.000000,191.000000,0.000000,0.100000,0.000000,0.000000,0.0000,0.0000,0.0000,0.0000,0.0000,0.0000,0.0000,0.0000,465.1948,465.1948,0.0000,0.0000,0.0000
20160128,2016-01-28,budget_reduction,Purchasing Budget Reduction 20 Percent,BUDGET_CHANGE,budget_multiplier,1.000000,0.800000,SAMPLE_ITEM_004,SYN_WH_02,67.531391,67.531391,465.1948,465.1948,73.000000,73.000000,0.000000,0.100000,0.000000,0.000000,0.0000,0.0000,0.0000,0.0000,0.0000,0.0000,0.0000,0.0000,465.1948,465.1948,0.0000,0.0000,0.0000
20160128,2016-01-28,budget_reduction,Purchasing Budget Reduction 20 Percent,BUDGET_CHANGE,budget_multiplier,1.000000,0.800000,SAMPLE_ITEM_004,SYN_WH_03,67.531391,67.531391,465.1948,465.1948,0.000000,0.000000,0.000000,0.100000,0.000000,0.000000,0.0000,0.0000,0.0000,0.0000,0.0000,0.0000,0.0000,0.0000,465.1948,465.1948,0.0000,0.0000,0.0000
20160128,2016-01-28,budget_reduction,Purchasing Budget Reduction 20 Percent,BUDGET_CHANGE,budget_multiplier,1.000000,0.800000,SAMPLE_ITEM_004,SYN_WH_04,67.531391,67.531391,465.1948,465.1948,0.000000,0.000000,1.000000,1.000000,69.000000,55.200000,298.0248,238.4198,179.4497,143.5598,2.6924,2.1539,480.1669,384.1335,-14.9721,81.0613,469.4741,375.5793,375.5793
20160128,2016-01-28,budget_reduction,Purchasing Budget Reduction 20 Percent,BUDGET_CHANGE,budget_multiplier,1.000000,0.800000,SAMPLE_ITEM_004,SYN_WH_05,67.531391,67.531391,465.1948,465.1948,0.000000,0.000000,0.000000,0.100000,0.000000,0.000000,0.0000,0.0000,0.0000,0.0000,0.0000,0.0000,0.0000,0.0000,465.1948,465.1948,0.0000,0.0000,0.0000
20160128,2016-01-28,transport_cost,Transportation Cost Increase 25 Percent,TRANSPORT_COST,transportation_cost_multiplier,1.000000,1.250000,SAMPLE_ITEM_001,SYN_WH_01,44.697383,44.697383,182.0461,182.0461,60.000000,60.000000,0.000000,0.000000,0.000000,0.000000,0.0000,0.0000,0.0000,0.0000,0.0000,0.0000,0.0000,0.0000,182.0461,182.0461,0.0000,0.0000,0.0000
20160128,2016-01-28,transport_cost,Transportation Cost Increase 25 Percent,TRANSPORT_COST,transportation_cost_multiplier,1.000000,1.250000,SAMPLE_ITEM_001,SYN_WH_02,44.697383,44.697383,182.0461,182.0461,15.000000,15.000000,0.000000,0.000000,0.000000,0.000000,0.0000,0.0000,0.0000,0.0000,0.0000,0.0000,0.0000,0.0000,182.0461,182.0461,0.0000,0.0000,0.0000
20160128,2016-01-28,transport_cost,Transportation Cost Increase 25 Percent,TRANSPORT_COST,transportation_cost_multiplier,1.000000,1.250000,SAMPLE_ITEM_001,SYN_WH_03,44.697383,44.697383,182.0461,182.0461,0.000000,0.000000,0.000000,0.000000,0.000000,0.000000,0.0000,0.0000,0.0000,0.0000,0.0000,0.0000,0.0000,0.0000,182.0461,182.0461,0.0000,0.0000,0.0000
20160128,2016-01-28,transport_cost,Transportation Cost Increase 25 Percent,TRANSPORT_COST,transportation_cost_multiplier,1.000000,1.250000,SAMPLE_ITEM_001,SYN_WH_04,44.697383,44.697383,182.0461,182.0461,0.000000,0.000000,1.000000,1.000000,46.000000,46.000000,96.6414,96.6414,119.7055,149.6319,3.0514,3.0514,219.3983,249.3247,-37.3522,-67.2786,184.6580,184.6580,184.6580
20160128,2016-01-28,transport_cost,Transportation Cost Increase 25 Percent,TRANSPORT_COST,transportation_cost_multiplier,1.000000,1.250000,SAMPLE_ITEM_001,SYN_WH_05,44.697383,44.697383,182.0461,182.0461,0.000000,0.000000,0.000000,0.000000,0.000000,0.000000,0.0000,0.0000,0.0000,0.0000,0.0000,0.0000,0.0000,0.0000,182.0461,182.0461,0.0000,0.0000,0.0000
20160128,2016-01-28,transport_cost,Transportation Cost Increase 25 Percent,TRANSPORT_COST,transportation_cost_multiplier,1.000000,1.250000,SAMPLE_ITEM_002,SYN_WH_01,61.673725,61.673725,345.4610,345.4610,133.000000,133.000000,0.000000,0.000000,0.000000,0.000000,0.0000,0.0000,0.0000,0.0000,0.0000,0.0000,0.0000,0.0000,345.4610,345.4610,0.0000,0.0000,0.0000
20160128,2016-01-28,transport_cost,Transportation Cost Increase 25 Percent,TRANSPORT_COST,transportation_cost_multiplier,1.000000,1.250000,SAMPLE_ITEM_002,SYN_WH_02,61.673725,61.673725,345.4610,345.4610,51.000000,51.000000,0.000000,0.000000,0.000000,0.000000,0.0000,0.0000,0.0000,0.0000,0.0000,0.0000,0.0000,0.0000,345.4610,345.4610,0.0000,0.0000,0.0000
20160128,2016-01-28,transport_cost,Transportation Cost Increase 25 Percent,TRANSPORT_COST,transportation_cost_multiplier,1.000000,1.250000,SAMPLE_ITEM_002,SYN_WH_03,61.673725,61.673725,345.4610,345.4610,0.000000,0.000000,0.000000,0.000000,0.000000,0.000000,0.0000,0.0000,0.0000,0.0000,0.0000,0.0000,0.0000,0.0000,345.4610,345.4610,0.0000,0.0000,0.0000
20160128,2016-01-28,transport_cost,Transportation Cost Increase 25 Percent,TRANSPORT_COST,transportation_cost_multiplier,1.000000,1.250000,SAMPLE_ITEM_002,SYN_WH_04,61.673725,61.673725,345.4610,345.4610,0.000000,0.000000,1.000000,1.000000,63.000000,63.000000,162.6219,162.6219,133.0404,166.3005,3.6874,3.6874,299.3497,332.6098,46.1113,12.8512,349.8042,349.8042,349.8042
20160128,2016-01-28,transport_cost,Transportation Cost Increase 25 Percent,TRANSPORT_COST,transportation_cost_multiplier,1.000000,1.250000,SAMPLE_ITEM_002,SYN_WH_05,61.673725,61.673725,345.4610,345.4610,0.000000,0.000000,0.000000,0.000000,0.000000,0.000000,0.0000,0.0000,0.0000,0.0000,0.0000,0.0000,0.0000,0.0000,345.4610,345.4610,0.0000,0.0000,0.0000
20160128,2016-01-28,transport_cost,Transportation Cost Increase 25 Percent,TRANSPORT_COST,transportation_cost_multiplier,1.000000,1.250000,SAMPLE_ITEM_003,SYN_WH_01,57.738348,57.738348,529.8318,529.8318,143.000000,143.000000,0.000000,0.000000,0.000000,0.000000,0.0000,0.0000,0.0000,0.0000,0.0000,0.0000,0.0000,0.0000,529.8318,529.8318,0.0000,0.0000,0.0000
20160128,2016-01-28,transport_cost,Transportation Cost Increase 25 Percent,TRANSPORT_COST,transportation_cost_multiplier,1.000000,1.250000,SAMPLE_ITEM_003,SYN_WH_02,57.738348,57.738348,529.8318,529.8318,59.000000,59.000000,0.000000,0.000000,0.000000,0.000000,0.0000,0.0000,0.0000,0.0000,0.0000,0.0000,0.0000,0.0000,529.8318,529.8318,0.0000,0.0000,0.0000
20160128,2016-01-28,transport_cost,Transportation Cost Increase 25 Percent,TRANSPORT_COST,transportation_cost_multiplier,1.000000,1.250000,SAMPLE_ITEM_003,SYN_WH_03,57.738348,57.738348,529.8318,529.8318,0.000000,0.000000,0.000000,0.000000,0.000000,0.000000,0.0000,0.0000,0.0000,0.0000,0.0000,0.0000,0.0000,0.0000,529.8318,529.8318,0.0000,0.0000,0.0000
20160128,2016-01-28,transport_cost,Transportation Cost Increase 25 Percent,TRANSPORT_COST,transportation_cost_multiplier,1.000000,1.250000,SAMPLE_ITEM_003,SYN_WH_04,57.738348,57.738348,529.8318,529.8318,0.000000,0.000000,1.000000,1.000000,59.000000,59.000000,221.1025,221.1025,190.3982,237.9977,2.3022,2.3022,413.8029,461.4024,116.0289,68.4294,536.2549,536.2549,536.2549
20160128,2016-01-28,transport_cost,Transportation Cost Increase 25 Percent,TRANSPORT_COST,transportation_cost_multiplier,1.000000,1.250000,SAMPLE_ITEM_003,SYN_WH_05,57.738348,57.738348,529.8318,529.8318,0.000000,0.000000,0.000000,0.000000,0.000000,0.000000,0.0000,0.0000,0.0000,0.0000,0.0000,0.0000,0.0000,0.0000,529.8318,529.8318,0.0000,0.0000,0.0000
20160128,2016-01-28,transport_cost,Transportation Cost Increase 25 Percent,TRANSPORT_COST,transportation_cost_multiplier,1.000000,1.250000,SAMPLE_ITEM_004,SYN_WH_01,67.531391,67.531391,465.1948,465.1948,191.000000,191.000000,0.000000,0.000000,0.000000,0.000000,0.0000,0.0000,0.0000,0.0000,0.0000,0.0000,0.0000,0.0000,465.1948,465.1948,0.0000,0.0000,0.0000
20160128,2016-01-28,transport_cost,Transportation Cost Increase 25 Percent,TRANSPORT_COST,transportation_cost_multiplier,1.000000,1.250000,SAMPLE_ITEM_004,SYN_WH_02,67.531391,67.531391,465.1948,465.1948,73.000000,73.000000,0.000000,0.000000,0.000000,0.000000,0.0000,0.0000,0.0000,0.0000,0.0000,0.0000,0.0000,0.0000,465.1948,465.1948,0.0000,0.0000,0.0000
20160128,2016-01-28,transport_cost,Transportation Cost Increase 25 Percent,TRANSPORT_COST,transportation_cost_multiplier,1.000000,1.250000,SAMPLE_ITEM_004,SYN_WH_03,67.531391,67.531391,465.1948,465.1948,0.000000,0.000000,0.000000,0.000000,0.000000,0.000000,0.0000,0.0000,0.0000,0.0000,0.0000,0.0000,0.0000,0.0000,465.1948,465.1948,0.0000,0.0000,0.0000
20160128,2016-01-28,transport_cost,Transportation Cost Increase 25 Percent,TRANSPORT_COST,transportation_cost_multiplier,1.000000,1.250000,SAMPLE_ITEM_004,SYN_WH_04,67.531391,67.531391,465.1948,465.1948,0.000000,0.000000,1.000000,1.000000,69.000000,69.000000,298.0248,298.0248,179.4497,224.3121,2.6924,2.6924,480.1669,525.0293,-14.9721,-59.8345,469.4741,469.4741,469.4741
20160128,2016-01-28,transport_cost,Transportation Cost Increase 25 Percent,TRANSPORT_COST,transportation_cost_multiplier,1.000000,1.250000,SAMPLE_ITEM_004,SYN_WH_05,67.531391,67.531391,465.1948,465.1948,0.000000,0.000000,0.000000,0.000000,0.000000,0.000000,0.0000,0.0000,0.0000,0.0000,0.0000,0.0000,0.0000,0.0000,465.1948,465.1948,0.0000,0.0000,0.0000
20160128,2016-01-28,service_level,Service Level Increase,SERVICE_LEVEL,service_level_target,0.950000,0.990000,SAMPLE_ITEM_001,SYN_WH_01,44.697383,44.697383,182.0461,182.0461,60.000000,60.000000,0.000000,0.000000,0.000000,0.000000,0.0000,0.0000,0.0000,0.0000,0.0000,0.0000,0.0000,0.0000,182.0461,182.0461,0.0000,0.0000,0.0000
20160128,2016-01-28,service_level,Service Level Increase,SERVICE_LEVEL,service_level_target,0.950000,0.990000,SAMPLE_ITEM_001,SYN_WH_02,44.697383,44.697383,182.0461,182.0461,15.000000,15.000000,0.000000,0.000000,0.000000,0.000000,0.0000,0.0000,0.0000,0.0000,0.0000,0.0000,0.0000,0.0000,182.0461,182.0461,0.0000,0.0000,0.0000
20160128,2016-01-28,service_level,Service Level Increase,SERVICE_LEVEL,service_level_target,0.950000,0.990000,SAMPLE_ITEM_001,SYN_WH_03,44.697383,44.697383,182.0461,182.0461,0.000000,0.000000,0.000000,0.000000,0.000000,0.000000,0.0000,0.0000,0.0000,0.0000,0.0000,0.0000,0.0000,0.0000,182.0461,182.0461,0.0000,0.0000,0.0000
20160128,2016-01-28,service_level,Service Level Increase,SERVICE_LEVEL,service_level_target,0.950000,0.990000,SAMPLE_ITEM_001,SYN_WH_04,44.697383,44.697383,182.0461,182.0461,0.000000,0.000000,1.000000,0.978947,46.000000,47.936842,96.6414,100.7105,119.7055,119.7055,3.0514,3.1799,219.3983,223.5959,-37.3522,-41.5498,184.6580,192.4331,192.4331
20160128,2016-01-28,service_level,Service Level Increase,SERVICE_LEVEL,service_level_target,0.950000,0.990000,SAMPLE_ITEM_001,SYN_WH_05,44.697383,44.697383,182.0461,182.0461,0.000000,0.000000,0.000000,0.000000,0.000000,0.000000,0.0000,0.0000,0.0000,0.0000,0.0000,0.0000,0.0000,0.0000,182.0461,182.0461,0.0000,0.0000,0.0000
20160128,2016-01-28,service_level,Service Level Increase,SERVICE_LEVEL,service_level_target,0.950000,0.990000,SAMPLE_ITEM_002,SYN_WH_01,61.673725,61.673725,345.4610,345.4610,133.000000,133.000000,0.000000,0.000000,0.000000,0.000000,0.0000,0.0000,0.0000,0.0000,0.0000,0.0000,0.0000,0.0000,345.4610,345.4610,0.0000,0.0000,0.0000
20160128,2016-01-28,service_level,Service Level Increase,SERVICE_LEVEL,service_level_target,0.950000,0.990000,SAMPLE_ITEM_002,SYN_WH_02,61.673725,61.673725,345.4610,345.4610,51.000000,51.000000,0.000000,0.000000,0.000000,0.000000,0.0000,0.0000,0.0000,0.0000,0.0000,0.0000,0.0000,0.0000,345.4610,345.4610,0.0000,0.0000,0.0000
20160128,2016-01-28,service_level,Service Level Increase,SERVICE_LEVEL,service_level_target,0.950000,0.990000,SAMPLE_ITEM_002,SYN_WH_03,61.673725,61.673725,345.4610,345.4610,0.000000,0.000000,0.000000,0.000000,0.000000,0.000000,0.0000,0.0000,0.0000,0.0000,0.0000,0.0000,0.0000,0.0000,345.4610,345.4610,0.0000,0.0000,0.0000
20160128,2016-01-28,service_level,Service Level Increase,SERVICE_LEVEL,service_level_target,0.950000,0.990000,SAMPLE_ITEM_002,SYN_WH_04,61.673725,61.673725,345.4610,345.4610,0.000000,0.000000,1.000000,0.978947,63.000000,65.652632,162.6219,169.4691,133.0404,133.0404,3.6874,3.8427,299.3497,306.3522,46.1113,39.1088,349.8042,364.5328,364.5328
20160128,2016-01-28,service_level,Service Level Increase,SERVICE_LEVEL,service_level_target,0.950000,0.990000,SAMPLE_ITEM_002,SYN_WH_05,61.673725,61.673725,345.4610,345.4610,0.000000,0.000000,0.000000,0.000000,0.000000,0.000000,0.0000,0.0000,0.0000,0.0000,0.0000,0.0000,0.0000,0.0000,345.4610,345.4610,0.0000,0.0000,0.0000
20160128,2016-01-28,service_level,Service Level Increase,SERVICE_LEVEL,service_level_target,0.950000,0.990000,SAMPLE_ITEM_003,SYN_WH_01,57.738348,57.738348,529.8318,529.8318,143.000000,143.000000,0.000000,0.000000,0.000000,0.000000,0.0000,0.0000,0.0000,0.0000,0.0000,0.0000,0.0000,0.0000,529.8318,529.8318,0.0000,0.0000,0.0000
20160128,2016-01-28,service_level,Service Level Increase,SERVICE_LEVEL,service_level_target,0.950000,0.990000,SAMPLE_ITEM_003,SYN_WH_02,57.738348,57.738348,529.8318,529.8318,59.000000,59.000000,0.000000,0.000000,0.000000,0.000000,0.0000,0.0000,0.0000,0.0000,0.0000,0.0000,0.0000,0.0000,529.8318,529.8318,0.0000,0.0000,0.0000
20160128,2016-01-28,service_level,Service Level Increase,SERVICE_LEVEL,service_level_target,0.950000,0.990000,SAMPLE_ITEM_003,SYN_WH_03,57.738348,57.738348,529.8318,529.8318,0.000000,0.000000,0.000000,0.000000,0.000000,0.000000,0.0000,0.0000,0.0000,0.0000,0.0000,0.0000,0.0000,0.0000,529.8318,529.8318,0.0000,0.0000,0.0000
20160128,2016-01-28,service_level,Service Level Increase,SERVICE_LEVEL,service_level_target,0.950000,0.990000,SAMPLE_ITEM_003,SYN_WH_04,57.738348,57.738348,529.8318,529.8318,0.000000,0.000000,1.000000,0.978947,59.000000,61.484211,221.1025,230.4121,190.3982,190.3982,2.3022,2.3991,413.8029,423.2094,116.0289,106.6224,536.2549,558.8341,558.8341
20160128,2016-01-28,service_level,Service Level Increase,SERVICE_LEVEL,service_level_target,0.950000,0.990000,SAMPLE_ITEM_003,SYN_WH_05,57.738348,57.738348,529.8318,529.8318,0.000000,0.000000,0.000000,0.000000,0.000000,0.000000,0.0000,0.0000,0.0000,0.0000,0.0000,0.0000,0.0000,0.0000,529.8318,529.8318,0.0000,0.0000,0.0000
20160128,2016-01-28,service_level,Service Level Increase,SERVICE_LEVEL,service_level_target,0.950000,0.990000,SAMPLE_ITEM_004,SYN_WH_01,67.531391,67.531391,465.1948,465.1948,191.000000,191.000000,0.000000,0.000000,0.000000,0.000000,0.0000,0.0000,0.0000,0.0000,0.0000,0.0000,0.0000,0.0000,465.1948,465.1948,0.0000,0.0000,0.0000
20160128,2016-01-28,service_level,Service Level Increase,SERVICE_LEVEL,service_level_target,0.950000,0.990000,SAMPLE_ITEM_004,SYN_WH_02,67.531391,67.531391,465.1948,465.1948,73.000000,73.000000,0.000000,0.000000,0.000000,0.000000,0.0000,0.0000,0.0000,0.0000,0.0000,0.0000,0.0000,0.0000,465.1948,465.1948,0.0000,0.0000,0.0000
20160128,2016-01-28,service_level,Service Level Increase,SERVICE_LEVEL,service_level_target,0.950000,0.990000,SAMPLE_ITEM_004,SYN_WH_03,67.531391,67.531391,465.1948,465.1948,0.000000,0.000000,0.000000,0.000000,0.000000,0.000000,0.0000,0.0000,0.0000,0.0000,0.0000,0.0000,0.0000,0.0000,465.1948,465.1948,0.0000,0.0000,0.0000
20160128,2016-01-28,service_level,Service Level Increase,SERVICE_LEVEL,service_level_target,0.950000,0.990000,SAMPLE_ITEM_004,SYN_WH_04,67.531391,67.531391,465.1948,465.1948,0.000000,0.000000,1.000000,0.978947,69.000000,71.905263,298.0248,310.5732,179.4497,179.4497,2.6924,2.8058,480.1669,492.8287,-14.9721,-27.6339,469.4741,489.2414,489.2414
20160128,2016-01-28,service_level,Service Level Increase,SERVICE_LEVEL,service_level_target,0.950000,0.990000,SAMPLE_ITEM_004,SYN_WH_05,67.531391,67.531391,465.1948,465.1948,0.000000,0.000000,0.000000,0.000000,0.000000,0.000000,0.0000,0.0000,0.0000,0.0000,0.0000,0.0000,0.0000,0.0000,465.1948,465.1948,0.0000,0.0000,0.0000
20160128,2016-01-28,promotion,Promotion Uplift 15 Percent,PROMOTION_UPLIFT,demand_multiplier,1.000000,1.150000,SAMPLE_ITEM_001,SYN_WH_01,44.697383,51.401990,182.0461,198.8853,60.000000,60.000000,0.000000,0.060000,0.000000,0.000000,0.0000,0.0000,0.0000,0.0000,0.0000,0.0000,0.0000,0.0000,182.0461,198.8853,0.0000,0.0000,0.0000
20160128,2016-01-28,promotion,Promotion Uplift 15 Percent,PROMOTION_UPLIFT,demand_multiplier,1.000000,1.150000,SAMPLE_ITEM_001,SYN_WH_02,44.697383,51.401990,182.0461,198.8853,15.000000,15.000000,0.000000,0.060000,0.000000,0.000000,0.0000,0.0000,0.0000,0.0000,0.0000,0.0000,0.0000,0.0000,182.0461,198.8853,0.0000,0.0000,0.0000
20160128,2016-01-28,promotion,Promotion Uplift 15 Percent,PROMOTION_UPLIFT,demand_multiplier,1.000000,1.150000,SAMPLE_ITEM_001,SYN_WH_03,44.697383,51.401990,182.0461,198.8853,0.000000,0.000000,0.000000,0.060000,0.000000,0.000000,0.0000,0.0000,0.0000,0.0000,0.0000,0.0000,0.0000,0.0000,182.0461,198.8853,0.0000,0.0000,0.0000
20160128,2016-01-28,promotion,Promotion Uplift 15 Percent,PROMOTION_UPLIFT,demand_multiplier,1.000000,1.150000,SAMPLE_ITEM_001,SYN_WH_04,44.697383,51.401990,182.0461,198.8853,0.000000,0.000000,1.000000,1.000000,46.000000,52.900000,96.6414,111.1376,119.7055,119.7055,3.0514,3.5091,219.3983,234.3522,-37.3522,-35.4669,184.6580,212.3567,212.3567
20160128,2016-01-28,promotion,Promotion Uplift 15 Percent,PROMOTION_UPLIFT,demand_multiplier,1.000000,1.150000,SAMPLE_ITEM_001,SYN_WH_05,44.697383,51.401990,182.0461,198.8853,0.000000,0.000000,0.000000,0.060000,0.000000,0.000000,0.0000,0.0000,0.0000,0.0000,0.0000,0.0000,0.0000,0.0000,182.0461,198.8853,0.0000,0.0000,0.0000
20160128,2016-01-28,promotion,Promotion Uplift 15 Percent,PROMOTION_UPLIFT,demand_multiplier,1.000000,1.150000,SAMPLE_ITEM_002,SYN_WH_01,61.673725,70.924784,345.4610,377.4161,133.000000,133.000000,0.000000,0.060000,0.000000,0.000000,0.0000,0.0000,0.0000,0.0000,0.0000,0.0000,0.0000,0.0000,345.4610,377.4161,0.0000,0.0000,0.0000
20160128,2016-01-28,promotion,Promotion Uplift 15 Percent,PROMOTION_UPLIFT,demand_multiplier,1.000000,1.150000,SAMPLE_ITEM_002,SYN_WH_02,61.673725,70.924784,345.4610,377.4161,51.000000,51.000000,0.000000,0.060000,0.000000,0.000000,0.0000,0.0000,0.0000,0.0000,0.0000,0.0000,0.0000,0.0000,345.4610,377.4161,0.0000,0.0000,0.0000
20160128,2016-01-28,promotion,Promotion Uplift 15 Percent,PROMOTION_UPLIFT,demand_multiplier,1.000000,1.150000,SAMPLE_ITEM_002,SYN_WH_03,61.673725,70.924784,345.4610,377.4161,0.000000,0.000000,0.000000,0.060000,0.000000,0.000000,0.0000,0.0000,0.0000,0.0000,0.0000,0.0000,0.0000,0.0000,345.4610,377.4161,0.0000,0.0000,0.0000
20160128,2016-01-28,promotion,Promotion Uplift 15 Percent,PROMOTION_UPLIFT,demand_multiplier,1.000000,1.150000,SAMPLE_ITEM_002,SYN_WH_04,61.673725,70.924784,345.4610,377.4161,0.000000,0.000000,1.000000,1.000000,63.000000,72.450000,162.6219,187.0152,133.0404,133.0404,3.6874,4.2405,299.3497,324.2961,46.1113,53.1200,349.8042,402.2748,402.2748
20160128,2016-01-28,promotion,Promotion Uplift 15 Percent,PROMOTION_UPLIFT,demand_multiplier,1.000000,1.150000,SAMPLE_ITEM_002,SYN_WH_05,61.673725,70.924784,345.4610,377.4161,0.000000,0.000000,0.000000,0.060000,0.000000,0.000000,0.0000,0.0000,0.0000,0.0000,0.0000,0.0000,0.0000,0.0000,345.4610,377.4161,0.0000,0.0000,0.0000
20160128,2016-01-28,promotion,Promotion Uplift 15 Percent,PROMOTION_UPLIFT,demand_multiplier,1.000000,1.150000,SAMPLE_ITEM_003,SYN_WH_01,57.738348,66.399100,529.8318,578.8413,143.000000,143.000000,0.000000,0.060000,0.000000,0.000000,0.0000,0.0000,0.0000,0.0000,0.0000,0.0000,0.0000,0.0000,529.8318,578.8413,0.0000,0.0000,0.0000
20160128,2016-01-28,promotion,Promotion Uplift 15 Percent,PROMOTION_UPLIFT,demand_multiplier,1.000000,1.150000,SAMPLE_ITEM_003,SYN_WH_02,57.738348,66.399100,529.8318,578.8413,59.000000,59.000000,0.000000,0.060000,0.000000,0.000000,0.0000,0.0000,0.0000,0.0000,0.0000,0.0000,0.0000,0.0000,529.8318,578.8413,0.0000,0.0000,0.0000
20160128,2016-01-28,promotion,Promotion Uplift 15 Percent,PROMOTION_UPLIFT,demand_multiplier,1.000000,1.150000,SAMPLE_ITEM_003,SYN_WH_03,57.738348,66.399100,529.8318,578.8413,0.000000,0.000000,0.000000,0.060000,0.000000,0.000000,0.0000,0.0000,0.0000,0.0000,0.0000,0.0000,0.0000,0.0000,529.8318,578.8413,0.0000,0.0000,0.0000
20160128,2016-01-28,promotion,Promotion Uplift 15 Percent,PROMOTION_UPLIFT,demand_multiplier,1.000000,1.150000,SAMPLE_ITEM_003,SYN_WH_04,57.738348,66.399100,529.8318,578.8413,0.000000,0.000000,1.000000,1.000000,59.000000,67.850000,221.1025,254.2679,190.3982,190.3982,2.3022,2.6475,413.8029,447.3136,116.0289,131.5277,536.2549,616.6931,616.6931
20160128,2016-01-28,promotion,Promotion Uplift 15 Percent,PROMOTION_UPLIFT,demand_multiplier,1.000000,1.150000,SAMPLE_ITEM_003,SYN_WH_05,57.738348,66.399100,529.8318,578.8413,0.000000,0.000000,0.000000,0.060000,0.000000,0.000000,0.0000,0.0000,0.0000,0.0000,0.0000,0.0000,0.0000,0.0000,529.8318,578.8413,0.0000,0.0000,0.0000
20160128,2016-01-28,promotion,Promotion Uplift 15 Percent,PROMOTION_UPLIFT,demand_multiplier,1.000000,1.150000,SAMPLE_ITEM_004,SYN_WH_01,67.531391,77.661100,465.1948,508.2253,191.000000,191.000000,0.000000,0.060000,0.000000,0.000000,0.0000,0.0000,0.0000,0.0000,0.0000,0.0000,0.0000,0.0000,465.1948,508.2253,0.0000,0.0000,0.0000
20160128,2016-01-28,promotion,Promotion Uplift 15 Percent,PROMOTION_UPLIFT,demand_multiplier,1.000000,1.150000,SAMPLE_ITEM_004,SYN_WH_02,67.531391,77.661100,465.1948,508.2253,73.000000,73.000000,0.000000,0.060000,0.000000,0.000000,0.0000,0.0000,0.0000,0.0000,0.0000,0.0000,0.0000,0.0000,465.1948,508.2253,0.0000,0.0000,0.0000
20160128,2016-01-28,promotion,Promotion Uplift 15 Percent,PROMOTION_UPLIFT,demand_multiplier,1.000000,1.150000,SAMPLE_ITEM_004,SYN_WH_03,67.531391,77.661100,465.1948,508.2253,0.000000,0.000000,0.000000,0.060000,0.000000,0.000000,0.0000,0.0000,0.0000,0.0000,0.0000,0.0000,0.0000,0.0000,465.1948,508.2253,0.0000,0.0000,0.0000
20160128,2016-01-28,promotion,Promotion Uplift 15 Percent,PROMOTION_UPLIFT,demand_multiplier,1.000000,1.150000,SAMPLE_ITEM_004,SYN_WH_04,67.531391,77.661100,465.1948,508.2253,0.000000,0.000000,1.000000,1.000000,69.000000,79.350000,298.0248,342.7285,179.4497,179.4497,2.6924,3.0963,480.1669,525.2745,-14.9721,-17.0491,469.4741,539.8952,539.8952
20160128,2016-01-28,promotion,Promotion Uplift 15 Percent,PROMOTION_UPLIFT,demand_multiplier,1.000000,1.150000,SAMPLE_ITEM_004,SYN_WH_05,67.531391,77.661100,465.1948,508.2253,0.000000,0.000000,0.000000,0.060000,0.000000,0.000000,0.0000,0.0000,0.0000,0.0000,0.0000,0.0000,0.0000,0.0000,465.1948,508.2253,0.0000,0.0000,0.0000
20160128,2016-01-28,stock_loss,Unexpected Stock Loss,STOCK_LOSS,lost_units,0.000000,50.000000,SAMPLE_ITEM_001,SYN_WH_01,44.697383,44.697383,182.0461,182.0461,60.000000,10.000000,0.000000,0.833333,0.000000,50.000000,0.0000,102.7083,0.0000,0.0000,0.0000,0.0000,0.0000,102.7083,182.0461,79.3377,0.0000,0.0000,0.0000
20160128,2016-01-28,stock_loss,Unexpected Stock Loss,STOCK_LOSS,lost_units,0.000000,50.000000,SAMPLE_ITEM_001,SYN_WH_02,44.697383,44.697383,182.0461,182.0461,15.000000,0.000000,0.000000,1.000000,0.000000,50.000000,0.0000,102.7083,0.0000,0.0000,0.0000,0.0000,0.0000,102.7083,182.0461,79.3377,0.0000,0.0000,0.0000
20160128,2016-01-28,stock_loss,Unexpected Stock Loss,STOCK_LOSS,lost_units,0.000000,50.000000,SAMPLE_ITEM_001,SYN_WH_03,44.697383,44.697383,182.0461,182.0461,0.000000,0.000000,0.000000,1.000000,0.000000,50.000000,0.0000,102.7083,0.0000,0.0000,0.0000,0.0000,0.0000,102.7083,182.0461,79.3377,0.0000,0.0000,0.0000
20160128,2016-01-28,stock_loss,Unexpected Stock Loss,STOCK_LOSS,lost_units,0.000000,50.000000,SAMPLE_ITEM_001,SYN_WH_04,44.697383,44.697383,182.0461,182.0461,0.000000,0.000000,1.000000,1.000000,46.000000,96.000000,96.6414,199.3497,119.7055,119.7055,3.0514,3.0514,219.3983,322.1066,-37.3522,-140.0606,184.6580,385.3732,385.3732
20160128,2016-01-28,stock_loss,Unexpected Stock Loss,STOCK_LOSS,lost_units,0.000000,50.000000,SAMPLE_ITEM_001,SYN_WH_05,44.697383,44.697383,182.0461,182.0461,0.000000,0.000000,0.000000,1.000000,0.000000,50.000000,0.0000,102.7083,0.0000,0.0000,0.0000,0.0000,0.0000,102.7083,182.0461,79.3377,0.0000,0.0000,0.0000
20160128,2016-01-28,stock_loss,Unexpected Stock Loss,STOCK_LOSS,lost_units,0.000000,50.000000,SAMPLE_ITEM_002,SYN_WH_01,61.673725,61.673725,345.4610,345.4610,133.000000,83.000000,0.000000,0.375940,0.000000,50.000000,0.0000,132.4450,0.0000,0.0000,0.0000,0.0000,0.0000,132.4450,345.4610,213.0160,0.0000,0.0000,0.0000
20160128,2016-01-28,stock_loss,Unexpected Stock Loss,STOCK_LOSS,lost_units,0.000000,50.000000,SAMPLE_ITEM_002,SYN_WH_02,61.673725,61.673725,345.4610,345.4610,51.000000,1.000000,0.000000,0.980392,0.000000,50.000000,0.0000,132.4450,0.0000,0.0000,0.0000,0.0000,0.0000,132.4450,345.4610,213.0160,0.0000,0.0000,0.0000
20160128,2016-01-28,stock_loss,Unexpected Stock Loss,STOCK_LOSS,lost_units,0.000000,50.000000,SAMPLE_ITEM_002,SYN_WH_03,61.673725,61.673725,345.4610,345.4610,0.000000,0.000000,0.000000,1.000000,0.000000,50.000000,0.0000,132.4450,0.0000,0.0000,0.0000,0.0000,0.0000,132.4450,345.4610,213.0160,0.0000,0.0000,0.0000
20160128,2016-01-28,stock_loss,Unexpected Stock Loss,STOCK_LOSS,lost_units,0.000000,50.000000,SAMPLE_ITEM_002,SYN_WH_04,61.673725,61.673725,345.4610,345.4610,0.000000,0.000000,1.000000,1.000000,63.000000,113.000000,162.6219,295.0669,133.0404,133.0404,3.6874,3.6874,299.3497,431.7947,46.1113,-86.3337,349.8042,627.4266,627.4266
20160128,2016-01-28,stock_loss,Unexpected Stock Loss,STOCK_LOSS,lost_units,0.000000,50.000000,SAMPLE_ITEM_002,SYN_WH_05,61.673725,61.673725,345.4610,345.4610,0.000000,0.000000,0.000000,1.000000,0.000000,50.000000,0.0000,132.4450,0.0000,0.0000,0.0000,0.0000,0.0000,132.4450,345.4610,213.0160,0.0000,0.0000,0.0000
20160128,2016-01-28,stock_loss,Unexpected Stock Loss,STOCK_LOSS,lost_units,0.000000,50.000000,SAMPLE_ITEM_003,SYN_WH_01,57.738348,57.738348,529.8318,529.8318,143.000000,93.000000,0.000000,0.349650,0.000000,50.000000,0.0000,177.2917,0.0000,0.0000,0.0000,0.0000,0.0000,177.2917,529.8318,352.5402,0.0000,0.0000,0.0000
20160128,2016-01-28,stock_loss,Unexpected Stock Loss,STOCK_LOSS,lost_units,0.000000,50.000000,SAMPLE_ITEM_003,SYN_WH_02,57.738348,57.738348,529.8318,529.8318,59.000000,9.000000,0.000000,0.847458,0.000000,50.000000,0.0000,177.2917,0.0000,0.0000,0.0000,0.0000,0.0000,177.2917,529.8318,352.5402,0.0000,0.0000,0.0000
20160128,2016-01-28,stock_loss,Unexpected Stock Loss,STOCK_LOSS,lost_units,0.000000,50.000000,SAMPLE_ITEM_003,SYN_WH_03,57.738348,57.738348,529.8318,529.8318,0.000000,0.000000,0.000000,1.000000,0.000000,50.000000,0.0000,177.2917,0.0000,0.0000,0.0000,0.0000,0.0000,177.2917,529.8318,352.5402,0.0000,0.0000,0.0000
20160128,2016-01-28,stock_loss,Unexpected Stock Loss,STOCK_LOSS,lost_units,0.000000,50.000000,SAMPLE_ITEM_003,SYN_WH_04,57.738348,57.738348,529.8318,529.8318,0.000000,0.000000,1.000000,1.000000,59.000000,109.000000,221.1025,398.3942,190.3982,190.3982,2.3022,2.3022,413.8029,591.0946,116.0289,-61.2627,536.2549,990.7082,990.7082
20160128,2016-01-28,stock_loss,Unexpected Stock Loss,STOCK_LOSS,lost_units,0.000000,50.000000,SAMPLE_ITEM_003,SYN_WH_05,57.738348,57.738348,529.8318,529.8318,0.000000,0.000000,0.000000,1.000000,0.000000,50.000000,0.0000,177.2917,0.0000,0.0000,0.0000,0.0000,0.0000,177.2917,529.8318,352.5402,0.0000,0.0000,0.0000
20160128,2016-01-28,stock_loss,Unexpected Stock Loss,STOCK_LOSS,lost_units,0.000000,50.000000,SAMPLE_ITEM_004,SYN_WH_01,67.531391,67.531391,465.1948,465.1948,191.000000,141.000000,0.000000,0.261780,0.000000,50.000000,0.0000,227.3550,0.0000,0.0000,0.0000,0.0000,0.0000,227.3550,465.1948,237.8398,0.0000,0.0000,0.0000
20160128,2016-01-28,stock_loss,Unexpected Stock Loss,STOCK_LOSS,lost_units,0.000000,50.000000,SAMPLE_ITEM_004,SYN_WH_02,67.531391,67.531391,465.1948,465.1948,73.000000,23.000000,0.000000,0.684932,0.000000,50.000000,0.0000,227.3550,0.0000,0.0000,0.0000,0.0000,0.0000,227.3550,465.1948,237.8398,0.0000,0.0000,0.0000
20160128,2016-01-28,stock_loss,Unexpected Stock Loss,STOCK_LOSS,lost_units,0.000000,50.000000,SAMPLE_ITEM_004,SYN_WH_03,67.531391,67.531391,465.1948,465.1948,0.000000,0.000000,0.000000,1.000000,0.000000,50.000000,0.0000,227.3550,0.0000,0.0000,0.0000,0.0000,0.0000,227.3550,465.1948,237.8398,0.0000,0.0000,0.0000
20160128,2016-01-28,stock_loss,Unexpected Stock Loss,STOCK_LOSS,lost_units,0.000000,50.000000,SAMPLE_ITEM_004,SYN_WH_04,67.531391,67.531391,465.1948,465.1948,0.000000,0.000000,1.000000,1.000000,69.000000,119.000000,298.0248,525.3798,179.4497,179.4497,2.6924,2.6924,480.1669,707.5219,-14.9721,-242.3271,469.4741,809.6727,809.6727
20160128,2016-01-28,stock_loss,Unexpected Stock Loss,STOCK_LOSS,lost_units,0.000000,50.000000,SAMPLE_ITEM_004,SYN_WH_05,67.531391,67.531391,465.1948,465.1948,0.000000,0.000000,0.000000,1.000000,0.000000,50.000000,0.0000,227.3550,0.0000,0.0000,0.0000,0.0000,0.0000,227.3550,465.1948,237.8398,0.0000,0.0000,0.0000
